<settings>
    <accessibility>
        <audiohearing default="true">false</audiohearing>
        <audiovisual default="true">false</audiovisual>
        <subhearing default="true">false</subhearing>
    </accessibility>
    <audiocds>
        <autoaction default="true">0</autoaction>
        <ejectonrip default="true">true</ejectonrip>
        <encoder default="true">audioencoder.xbmc.builtin.wav</encoder>
        <recordingpath default="true"></recordingpath>
        <trackpathformat default="true">%A/%A - %B/[%N. ][%A - ]%T</trackpathformat>
        <usecddb default="true">true</usecddb>
    </audiocds>
    <audiooutput>
        <ac3passthrough default="true">true</ac3passthrough>
        <ac3transcode default="true">false</ac3transcode>
        <audiodevice default="true">DIRECTSOUND:default</audiodevice>
        <channels default="true">1</channels>
        <config default="true">2</config>
        <dtshdpassthrough default="true">false</dtshdpassthrough>
        <dtspassthrough default="true">false</dtspassthrough>
        <eac3passthrough default="true">false</eac3passthrough>
        <guisoundmode default="true">1</guisoundmode>
        <maintainoriginalvolume default="true">true</maintainoriginalvolume>
        <passthrough default="true">false</passthrough>
        <passthroughdevice default="true">DIRECTSOUND:default</passthroughdevice>
        <processquality default="true">30</processquality>
        <samplerate default="true">48000</samplerate>
        <stereoupmix default="true">false</stereoupmix>
        <streamsilence default="true">1</streamsilence>
        <truehdpassthrough default="true">false</truehdpassthrough>
    </audiooutput>
    <cache>
        <harddisk default="true">256</harddisk>
    </cache>
    <cacheaudio>
        <dvdrom default="true">256</dvdrom>
        <internet default="true">256</internet>
        <lan default="true">256</lan>
    </cacheaudio>
    <cachedvd>
        <dvdrom default="true">2048</dvdrom>
        <lan default="true">2048</lan>
    </cachedvd>
    <cacheunknown>
        <internet default="true">4096</internet>
    </cacheunknown>
    <cachevideo>
        <dvdrom default="true">2048</dvdrom>
        <internet default="true">4096</internet>
        <lan default="true">2048</lan>
    </cachevideo>
    <debug>
        <extralogging default="true">true</extralogging>
        <screenshotpath default="true"></screenshotpath>
        <setextraloglevel default="true">32768</setextraloglevel>
        <showloginfo default="true">false</showloginfo>
    </debug>
    <disc>
        <playback default="true">0</playback>
    </disc>
    <dvds>
        <automenu default="true">false</automenu>
        <autorun default="true">false</autorun>
        <playerregion default="true">0</playerregion>
    </dvds>
    <epg>
        <daystodisplay default="true">3</daystodisplay>
        <epgupdate default="true">120</epgupdate>
        <hidenoinfoavailable default="true">true</hidenoinfoavailable>
        <ignoredbforclient default="true">false</ignoredbforclient>
        <preventupdateswhileplayingtv default="true">false</preventupdateswhileplayingtv>
        <selectaction default="true">2</selectaction>
    </epg>
    <filelists>
        <allowfiledeletion default="true">false</allowfiledeletion>
        <ignorethewhensorting default="true">true</ignorethewhensorting>
        <showaddsourcebuttons default="true">true</showaddsourcebuttons>
        <showextensions default="true">true</showextensions>
        <showhidden default="true">false</showhidden>
        <showparentdiritems default="true">true</showparentdiritems>
    </filelists>
    <general>
        <addonbrokenfilter default="true">true</addonbrokenfilter>
        <addonforeignfilter default="true">false</addonforeignfilter>
        <addonnotifications default="true">true</addonnotifications>
        <addonupdates default="true">0</addonupdates>
        <systemtotaluptime>220</systemtotaluptime>
        <settinglevel>3</settinglevel>
    </general>
    <input>
        <enablejoystick default="true">true</enablejoystick>
        <enablemouse default="true">true</enablemouse>
    </input>
    <karaoke>
        <autopopupselector default="true">false</autopopupselector>
        <charset default="true">DEFAULT</charset>
        <enabled default="true">false</enabled>
        <font default="true">arial.ttf</font>
        <fontcolors default="true">0</fontcolors>
        <fontheight default="true">36</fontheight>
    </karaoke>
    <locale>
        <audiolanguage default="true">original</audiolanguage>
        <charset default="true">DEFAULT</charset>
        <country>UK (24h)</country>
        <keyboardlayouts default="true">English QWERTY</keyboardlayouts>
        <language default="true">resource.language.en_gb</language>
        <longdateformat default="true">regional</longdateformat>
        <shortdateformat default="true">regional</shortdateformat>
        <speedunit default="true">regional</speedunit>
        <subtitlelanguage default="true">original</subtitlelanguage>
        <temperatureunit default="true">regional</temperatureunit>
        <timeformat default="true">regional</timeformat>
        <timezone default="true">default</timezone>
        <timezonecountry default="true">default</timezonecountry>
        <use24hourclock default="true">regional</use24hourclock>
    </locale>
    <lookandfeel>
        <enablerssfeeds default="true">true</enablerssfeeds>
        <font default="true">Default</font>
        <rssedit default="true"></rssedit>
        <skin>skin.aeon.nox.5</skin>
        <skincolors default="true">SKINDEFAULT</skincolors>
        <skintheme default="true">SKINDEFAULT</skintheme>
        <skinzoom default="true">0</skinzoom>
        <soundskin default="true">resource.uisounds.confluence</soundskin>
        <startupwindow default="true">10000</startupwindow>
    </lookandfeel>
    <masterlock>
        <maxretries default="true">3</maxretries>
        <startuplock default="true">false</startuplock>
    </masterlock>
    <musicfiles>
        <findremotethumbs default="true">true</findremotethumbs>
        <librarytrackformat default="true"></librarytrackformat>
        <librarytrackformatright default="true"></librarytrackformatright>
        <nowplayingtrackformat default="true"></nowplayingtrackformat>
        <nowplayingtrackformatright default="true"></nowplayingtrackformatright>
        <trackformat default="true">[%N. ]%A - %T</trackformat>
        <trackformatright default="true">%D</trackformatright>
        <usetags default="true">true</usetags>
    </musicfiles>
    <musiclibrary>
        <albumsscraper default="true">metadata.album.universal</albumsscraper>
        <artistsscraper default="true">metadata.artists.universal</artistsscraper>
        <backgroundupdate default="true">false</backgroundupdate>
        <downloadinfo default="true">false</downloadinfo>
        <overridetags default="true">false</overridetags>
        <showallitems default="true">true</showallitems>
        <showcompilationartists default="true">true</showcompilationartists>
        <updateonstartup default="true">false</updateonstartup>
    </musiclibrary>
    <musicplayer>
        <autoplaynextitem default="true">true</autoplaynextitem>
        <crossfade default="true">0</crossfade>
        <crossfadealbumtracks default="true">true</crossfadealbumtracks>
        <queuebydefault default="true">false</queuebydefault>
        <replaygainavoidclipping default="true">false</replaygainavoidclipping>
        <replaygainnogainpreamp default="true">89</replaygainnogainpreamp>
        <replaygainpreamp default="true">89</replaygainpreamp>
        <replaygaintype default="true">1</replaygaintype>
        <seekdelay default="true">750</seekdelay>
        <seeksteps default="true">-60,-30,-10,10,30,60</seeksteps>
        <visualisation default="true">visualization.milkdrop</visualisation>
    </musicplayer>
    <mymusic>
        <defaultlibview default="true"></defaultlibview>
        <songthumbinvis default="true">false</songthumbinvis>
        <startwindow default="true">10501</startwindow>
        <playlist>
            <repeat>false</repeat>
            <shuffle>false</shuffle>
        </playlist>
        <needsupdate>0</needsupdate>
    </mymusic>
    <myvideos>
        <extractchapterthumbs default="true">true</extractchapterthumbs>
        <extractflags default="true">true</extractflags>
        <extractthumb default="true">true</extractthumb>
        <flatten default="true">false</flatten>
        <replacelabels default="true">true</replacelabels>
        <selectaction default="true">1</selectaction>
        <stackvideos default="true">false</stackvideos>
        <watchmodemovies>0</watchmodemovies>
        <watchmodetvshows>0</watchmodetvshows>
        <watchmodemusicvideos>0</watchmodemusicvideos>
        <playlist>
            <repeat>false</repeat>
            <shuffle>false</shuffle>
        </playlist>
        <needsupdate>0</needsupdate>
    </myvideos>
    <network>
        <bandwidth default="true">0</bandwidth>
        <httpproxypassword default="true"></httpproxypassword>
        <httpproxyport default="true">8080</httpproxyport>
        <httpproxyserver default="true"></httpproxyserver>
        <httpproxytype default="true">0</httpproxytype>
        <httpproxyusername default="true"></httpproxyusername>
        <usehttpproxy default="true">false</usehttpproxy>
    </network>
    <pictures>
        <displayresolution default="true">14</displayresolution>
        <generatethumbs default="true">true</generatethumbs>
        <showvideos default="true">true</showvideos>
        <useexifrotation default="true">true</useexifrotation>
        <usetags default="true">true</usetags>
    </pictures>
    <powermanagement>
        <displaysoff default="true">0</displaysoff>
        <shutdownstate default="true">0</shutdownstate>
        <shutdowntime default="true">0</shutdowntime>
        <wakeonaccess default="true">false</wakeonaccess>
    </powermanagement>
    <pvrmanager>
        <backendchannelorder default="true">true</backendchannelorder>
        <enabled default="true">false</enabled>
        <hideconnectionlostwarning default="true">false</hideconnectionlostwarning>
        <syncchannelgroups default="true">true</syncchannelgroups>
        <usebackendchannelnumbers default="true">false</usebackendchannelnumbers>
    </pvrmanager>
    <pvrmenu>
        <closechannelosdonswitch default="true">true</closechannelosdonswitch>
        <displaychannelinfo default="true">5</displaychannelinfo>
        <iconpath default="true"></iconpath>
    </pvrmenu>
    <pvrparental>
        <duration default="true">300</duration>
        <enabled default="true">false</enabled>
        <pin default="true"></pin>
    </pvrparental>
    <pvrplayback>
        <channelentrytimeout default="true">0</channelentrytimeout>
        <confirmchannelswitch default="true">false</confirmchannelswitch>
        <fps default="true">0</fps>
        <playminimized default="true">true</playminimized>
        <scantime default="true">10</scantime>
        <signalquality default="true">true</signalquality>
        <startlast default="true">0</startlast>
    </pvrplayback>
    <pvrpowermanagement>
        <backendidletime default="true">15</backendidletime>
        <dailywakeup default="true">false</dailywakeup>
        <dailywakeuptime default="true">00:00:00</dailywakeuptime>
        <enabled default="true">false</enabled>
        <prewakeup default="true">15</prewakeup>
        <setwakeupcmd default="true"></setwakeupcmd>
    </pvrpowermanagement>
    <pvrrecord>
        <defaultlifetime default="true">99</defaultlifetime>
        <defaultpriority default="true">50</defaultpriority>
        <instantrecordtime default="true">120</instantrecordtime>
        <marginend default="true">0</marginend>
        <marginstart default="true">0</marginstart>
        <timernotifications default="true">true</timernotifications>
    </pvrrecord>
    <scrapers>
        <moviesdefault default="true">metadata.themoviedb.org</moviesdefault>
        <musicvideosdefault default="true">metadata.musicvideos.theaudiodb.com</musicvideosdefault>
        <tvshowsdefault default="true">metadata.tvdb.com</tvshowsdefault>
    </scrapers>
    <screensaver>
        <mode></mode>
        <time default="true">3</time>
        <usedimonpause default="true">true</usedimonpause>
        <usemusicvisinstead default="true">true</usemusicvisinstead>
    </screensaver>
    <services>
        <airplay default="true">false</airplay>
        <airplayios8compat default="true">true</airplayios8compat>
        <airplaypassword default="true"></airplaypassword>
        <airplayvolumecontrol default="true">true</airplayvolumecontrol>
        <devicename default="true">Kodi</devicename>
        <esallinterfaces default="true">false</esallinterfaces>
        <escontinuousdelay default="true">25</escontinuousdelay>
        <esenabled default="true">true</esenabled>
        <esinitialdelay default="true">750</esinitialdelay>
        <esmaxclients default="true">20</esmaxclients>
        <esport default="true">9777</esport>
        <esportrange default="true">10</esportrange>
        <upnpannounce default="true">true</upnpannounce>
        <upnpcontroller default="true">false</upnpcontroller>
        <upnplookforexternalsubtitles default="true">false</upnplookforexternalsubtitles>
        <upnprenderer default="true">false</upnprenderer>
        <upnpserver default="true">false</upnpserver>
        <useairplaypassword default="true">false</useairplaypassword>
        <webserver default="true">false</webserver>
        <webserverpassword default="true"></webserverpassword>
        <webserverport default="true">80</webserverport>
        <webserverusername default="true">kodi</webserverusername>
        <webskin default="true">webinterface.default</webskin>
        <zeroconf default="true">false</zeroconf>
    </services>
    <slideshow>
        <displayeffects default="true">true</displayeffects>
        <shuffle default="true">false</shuffle>
        <staytime default="true">5</staytime>
    </slideshow>
    <smb>
        <winsserver default="true">0.0.0.0</winsserver>
        <workgroup default="true">WORKGROUP</workgroup>
    </smb>
    <subtitles>
        <align default="true">0</align>
        <charset default="true">DEFAULT</charset>
        <color default="true">1</color>
        <custompath default="true"></custompath>
        <downloadfirst default="true">false</downloadfirst>
        <font default="true">arial.ttf</font>
        <height default="true">28</height>
        <languages default="true">English</languages>
        <movie default="true"></movie>
        <overrideassfonts default="true">false</overrideassfonts>
        <parsecaptions default="true">false</parsecaptions>
        <pauseonsearch default="true">true</pauseonsearch>
        <stereoscopicdepth default="true">0</stereoscopicdepth>
        <storagemode default="true">0</storagemode>
        <style default="true">1</style>
        <tv default="true"></tv>
    </subtitles>
    <system>
        <playlistspath>special://profile/playlists/</playlistspath>
    </system>
    <videolibrary>
        <actorthumbs default="true">true</actorthumbs>
        <backgroundupdate default="true">false</backgroundupdate>
        <flattentvshows default="true">1</flattentvshows>
        <groupmoviesets default="true">false</groupmoviesets>
        <showallitems default="true">true</showallitems>
        <showunwatchedplots default="true">true</showunwatchedplots>
        <tvshowsincludeallseasonsandspecials>1</tvshowsincludeallseasonsandspecials>
        <tvshowsselectfirstunwatcheditem default="true">0</tvshowsselectfirstunwatcheditem>
        <updateonstartup default="true">false</updateonstartup>
    </videolibrary>
    <videoplayer>
        <adjustrefreshrate default="true">0</adjustrefreshrate>
        <autoplaynextitem default="true">false</autoplaynextitem>
        <errorinaspect default="true">0</errorinaspect>
        <hqscalers default="true">0</hqscalers>
        <pauseafterrefreshchange default="true">0</pauseafterrefreshchange>
        <preferdefaultflag default="true">true</preferdefaultflag>
        <prefervaapirender default="true">true</prefervaapirender>
        <quitstereomodeonstop default="true">true</quitstereomodeonstop>
        <rendermethod default="true">0</rendermethod>
        <seekdelay default="true">750</seekdelay>
        <seeksteps default="true">-600,-300,-180,-60,-30,-10,10,30,60,180,300,600</seeksteps>
        <stereoscopicplaybackmode default="true">0</stereoscopicplaybackmode>
        <stretch43 default="true">0</stretch43>
        <teletextenabled default="true">true</teletextenabled>
        <teletextscale default="true">true</teletextscale>
        <useamcodec default="true">true</useamcodec>
        <usedisplayasclock default="true">false</usedisplayasclock>
        <usedxva2 default="true">true</usedxva2>
        <useomx default="true">true</useomx>
        <useomxplayer default="true">true</useomxplayer>
        <usevaapi default="true">true</usevaapi>
        <usevaapimpeg2 default="true">true</usevaapimpeg2>
        <usevaapimpeg4 default="true">true</usevaapimpeg4>
        <usevaapivc1 default="true">true</usevaapivc1>
        <usevda default="true">true</usevda>
        <usevdpau default="true">true</usevdpau>
        <usevdpaumixer default="true">true</usevdpaumixer>
        <usevdpaumpeg2 default="true">true</usevdpaumpeg2>
        <usevdpaumpeg4 default="true">false</usevdpaumpeg4>
        <usevdpauvc1 default="true">true</usevdpauvc1>
        <usevideotoolbox default="true">true</usevideotoolbox>
    </videoplayer>
    <videoscreen>
        <blankdisplays default="true">false</blankdisplays>
        <fakefullscreen default="true">true</fakefullscreen>
        <limitedrange default="true">false</limitedrange>
        <monitor default="true">Default</monitor>
        <preferedstereoscopicmode default="true">100</preferedstereoscopicmode>
        <resolution default="true">16</resolution>
        <screen default="true">0</screen>
        <screenmode default="true">DESKTOP</screenmode>
        <stereoscopicmode default="true">0</stereoscopicmode>
        <vsync default="true">2</vsync>
    </videoscreen>
    <weather>
        <addon default="true"></addon>
        <currentlocation default="true">1</currentlocation>
    </weather>
    <window>
        <height default="true">480</height>
        <width default="true">720</width>
    </window>
    <audio>
        <mute>false</mute>
        <fvolumelevel>1.000000</fvolumelevel>
    </audio>
    <resolutions />
    <defaultvideosettings>
        <deinterlacemode>1</deinterlacemode>
        <interlacemethod>1</interlacemethod>
        <scalingmethod>1</scalingmethod>
        <noisereduction>0.000000</noisereduction>
        <postprocess>false</postprocess>
        <sharpness>0.000000</sharpness>
        <viewmode>0</viewmode>
        <zoomamount>1.000000</zoomamount>
        <pixelratio>1.000000</pixelratio>
        <verticalshift>0.000000</verticalshift>
        <volumeamplification>0.000000</volumeamplification>
        <outputtoallspeakers>false</outputtoallspeakers>
        <showsubtitles>true</showsubtitles>
        <brightness>50.000000</brightness>
        <contrast>50.000000</contrast>
        <gamma>20.000000</gamma>
        <audiodelay>0.000000</audiodelay>
        <subtitledelay>0.000000</subtitledelay>
        <nonlinstretch>false</nonlinstretch>
        <stereomode>0</stereomode>
    </defaultvideosettings>
    <skinsettings>
        <setting type="bool" name="skin.confluence.Use_Startup_Playlist">false</setting>
        <setting type="bool" name="skin.confluence.UseCustomBackground">false</setting>
        <setting type="bool" name="skin.confluence.HideBackGroundFanart">false</setting>
        <setting type="bool" name="skin.confluence.ShowBackgroundVideo">false</setting>
        <setting type="bool" name="skin.confluence.ShowBackgroundVis">false</setting>
        <setting type="bool" name="skin.confluence.HomepageHideRecentlyAddedVideo">false</setting>
        <setting type="bool" name="skin.confluence.HomepageHideRecentlyAddedAlbums">false</setting>
        <setting type="bool" name="skin.confluence.homepageWeatherinfo">false</setting>
        <setting type="bool" name="skin.confluence.homepageMusicinfo">false</setting>
        <setting type="bool" name="skin.confluence.homepageVideoinfo">false</setting>
        <setting type="bool" name="skin.confluence.HomeMenuNoMovieButton">false</setting>
        <setting type="bool" name="skin.confluence.HomeMenuNoTVShowButton">false</setting>
        <setting type="bool" name="skin.confluence.HomeMenuNoWeatherButton">false</setting>
        <setting type="bool" name="skin.confluence.HomeMenuNoPicturesButton">false</setting>
        <setting type="bool" name="skin.confluence.HomeMenuNoVideosButton">false</setting>
        <setting type="bool" name="skin.confluence.HomeMenuNoMusicButton">false</setting>
        <setting type="bool" name="skin.confluence.HomeMenuNoProgramsButton">false</setting>
        <setting type="bool" name="skin.aeon.nox.5.Disable.Fanart">true</setting>
        <setting type="bool" name="skin.aeon.nox.5.Disable.ShowBackgroundVis">false</setting>
        <setting type="bool" name="skin.aeon.nox.5.Disable.ShowBackgroundVideo">false</setting>
        <setting type="bool" name="skin.aeon.nox.5.lowermainmenu">true</setting>
        <setting type="bool" name="skin.aeon.nox.5.Detach.RSS">false</setting>
        <setting type="bool" name="skin.aeon.nox.5.Disable.Musicinfo">false</setting>
        <setting type="bool" name="skin.aeon.nox.5.Disable.Videoinfo">false</setting>
        <setting type="bool" name="skin.aeon.nox.5.mainmenuicons">false</setting>
        <setting type="bool" name="skin.aeon.nox.5.biggergap">false</setting>
        <setting type="bool" name="skin.aeon.nox.5.Enable.AutoScroll">false</setting>
        <setting type="bool" name="skin.aeon.nox.5.VideoInfoPlotToggle">false</setting>
        <setting type="bool" name="skin.aeon.nox.5.Disable.NextAired">true</setting>
        <setting type="bool" name="skin.aeon.nox.5.KioskMode.Enabled">false</setting>
        <setting type="bool" name="skin.aeon.nox.5.HorizontalListNav">false</setting>
        <setting type="bool" name="skin.aeon.nox.5.Enable.SlimList">false</setting>
        <setting type="bool" name="skin.aeon.nox.5.Enable.HideRatings">false</setting>
        <setting type="bool" name="skin.aeon.nox.5.Disable.Resumable">false</setting>
        <setting type="bool" name="skin.aeon.nox.5.Disable.UnwatchedIcon">true</setting>
        <setting type="bool" name="skin.aeon.nox.5.nohighlist">false</setting>
        <setting type="string" name="skin.confluence.CustomBackgroundPath"></setting>
        <setting type="string" name="skin.confluence.HomeVideosButton1"></setting>
        <setting type="string" name="skin.confluence.HomeVideosButton2"></setting>
        <setting type="string" name="skin.confluence.HomeVideosButton3"></setting>
        <setting type="string" name="skin.confluence.HomeVideosButton4"></setting>
        <setting type="string" name="skin.confluence.HomeVideosButton5"></setting>
        <setting type="string" name="skin.confluence.HomeMusicButton1"></setting>
        <setting type="string" name="skin.confluence.HomeMusicButton2"></setting>
        <setting type="string" name="skin.confluence.HomeMusicButton3"></setting>
        <setting type="string" name="skin.confluence.HomeMusicButton4"></setting>
        <setting type="string" name="skin.confluence.HomeMusicButton5"></setting>
        <setting type="string" name="skin.confluence.HomePictureButton1"></setting>
        <setting type="string" name="skin.confluence.HomePictureButton2"></setting>
        <setting type="string" name="skin.confluence.HomePictureButton3"></setting>
        <setting type="string" name="skin.confluence.HomePictureButton4"></setting>
        <setting type="string" name="skin.confluence.HomePictureButton5"></setting>
        <setting type="string" name="skin.confluence.HomeProgramButton1"></setting>
        <setting type="string" name="skin.confluence.HomeProgramButton2"></setting>
        <setting type="string" name="skin.confluence.HomeProgramButton3"></setting>
        <setting type="string" name="skin.confluence.HomeProgramButton4"></setting>
        <setting type="string" name="skin.confluence.HomeProgramButton5"></setting>
        <setting type="string" name="skin.aeon.nox.5.VideoGenreFanartPath"></setting>
        <setting type="string" name="skin.aeon.nox.5.MusicGenreFanartPath"></setting>
        <setting type="string" name="skin.aeon.nox.5.System.Fallback">special://home/userdata\Background\System\Planets2013.jpg</setting>
        <setting type="string" name="skin.aeon.nox.5.WeatherFanartDir">http://aeon-nox-background-packs.googlecode.com/svn/trunk/weather-fanart/default/</setting>
        <setting type="string" name="skin.aeon.nox.5.InfoPanel.Delay"></setting>
        <setting type="string" name="skin.aeon.nox.5.Overlay.Toggle">1</setting>
        <setting type="string" name="skin.aeon.nox.5.PicturesHomeItem.Label">Kids Arena</setting>
        <setting type="string" name="skin.aeon.nox.5.PicturesHomeItem.MultiFanart">special://home/userdata\Background\Kids Arena\</setting>
        <setting type="string" name="skin.aeon.nox.5.PicturesHomeItem.Icon"></setting>
        <setting type="string" name="skin.aeon.nox.5.PicturesHomeItem.Path">ActivateWindow(10025,&quot;plugin://plugin.video.cartoons8&quot;,return)</setting>
        <setting type="string" name="skin.aeon.nox.5.PicturesHomeItem.BGType">2</setting>
        <setting type="string" name="skin.aeon.nox.5.PicturesHomeItem.Widget"></setting>
        <setting type="string" name="skin.aeon.nox.5.PicturesHomeItem.WidgetLabel"></setting>
        <setting type="string" name="skin.aeon.nox.5.PicturesHomeItem.WidgetType"></setting>
        <setting type="string" name="skin.aeon.nox.5.PicturesHomeItem.InfoLine"></setting>
        <setting type="string" name="skin.aeon.nox.5.PicturesHomeItem.SubMenu"></setting>
        <setting type="string" name="skin.aeon.nox.5.PicturesHomeItem.Disable"></setting>
        <setting type="string" name="skin.aeon.nox.5.MusicHomeItem.Label">Music</setting>
        <setting type="string" name="skin.aeon.nox.5.MusicHomeItem.MultiFanart">special://home/userdata\Background\Music Wallpaper\</setting>
        <setting type="string" name="skin.aeon.nox.5.MusicHomeItem.Icon"></setting>
        <setting type="string" name="skin.aeon.nox.5.MusicHomeItem.Path">ActivateWindow(10025,&quot;plugin://plugin.video.myvevo&quot;,return)</setting>
        <setting type="string" name="skin.aeon.nox.5.MusicHomeItem.BGType">2</setting>
        <setting type="string" name="skin.aeon.nox.5.MusicHomeItem.Widget"></setting>
        <setting type="string" name="skin.aeon.nox.5.MusicHomeItem.WidgetLabel"></setting>
        <setting type="string" name="skin.aeon.nox.5.MusicHomeItem.WidgetType"></setting>
        <setting type="string" name="skin.aeon.nox.5.MusicHomeItem.InfoLine"></setting>
        <setting type="string" name="skin.aeon.nox.5.MusicHomeItem.SubMenu"></setting>
        <setting type="string" name="skin.aeon.nox.5.MusicHomeItem.Disable"></setting>
        <setting type="string" name="skin.aeon.nox.5.MovieHomeItem.Label">Movies</setting>
        <setting type="string" name="skin.aeon.nox.5.MovieHomeItem.MultiFanart">special://home/userdata\Background\Movies\</setting>
        <setting type="string" name="skin.aeon.nox.5.MovieHomeItem.Icon"></setting>
        <setting type="string" name="skin.aeon.nox.5.MovieHomeItem.Path">ActivateWindow(10025,&quot;plugin://plugin.video.genesis/?action=movieNavigator&quot;,return)</setting>
        <setting type="string" name="skin.aeon.nox.5.MovieHomeItem.BGType">2</setting>
        <setting type="string" name="skin.aeon.nox.5.MovieHomeItem.Widget">plugin://plugin.video.genesis/?action=movies&amp;url=trending</setting>
        <setting type="string" name="skin.aeon.nox.5.MovieHomeItem.WidgetLabel">People Watching</setting>
        <setting type="string" name="skin.aeon.nox.5.MovieHomeItem.WidgetType">1</setting>
        <setting type="string" name="skin.aeon.nox.5.MovieHomeItem.InfoLine">1</setting>
        <setting type="string" name="skin.aeon.nox.5.MovieHomeItem.SubMenu"></setting>
        <setting type="string" name="skin.aeon.nox.5.MovieHomeItem.Disable"></setting>
        <setting type="string" name="skin.aeon.nox.5.TVShowHomeItem.Label">TV Shows</setting>
        <setting type="string" name="skin.aeon.nox.5.TVShowHomeItem.MultiFanart">special://home/userdata\Background\TV Wallpaper\</setting>
        <setting type="string" name="skin.aeon.nox.5.TVShowHomeItem.Icon"></setting>
        <setting type="string" name="skin.aeon.nox.5.TVShowHomeItem.Path">ActivateWindow(10025,&quot;plugin://plugin.video.genesis/?action=tvNavigator&quot;,return)</setting>
        <setting type="string" name="skin.aeon.nox.5.TVShowHomeItem.BGType">2</setting>
        <setting type="string" name="skin.aeon.nox.5.TVShowHomeItem.Widget">plugin://plugin.video.genesis/?action=tvshows&amp;url=trending</setting>
        <setting type="string" name="skin.aeon.nox.5.TVShowHomeItem.WidgetLabel">People Watching</setting>
        <setting type="string" name="skin.aeon.nox.5.TVShowHomeItem.WidgetType">1</setting>
        <setting type="string" name="skin.aeon.nox.5.TVShowHomeItem.InfoLine">2</setting>
        <setting type="string" name="skin.aeon.nox.5.TVShowHomeItem.SubMenu"></setting>
        <setting type="string" name="skin.aeon.nox.5.TVShowHomeItem.Disable"></setting>
        <setting type="string" name="skin.aeon.nox.5.LiveTVHomeItem.Label">Live TV</setting>
        <setting type="string" name="skin.aeon.nox.5.LiveTVHomeItem.MultiFanart">special://home/userdata\Background\Live TV\videos.jpg</setting>
        <setting type="string" name="skin.aeon.nox.5.LiveTVHomeItem.Icon"></setting>
        <setting type="string" name="skin.aeon.nox.5.LiveTVHomeItem.Path">ActivateWindow(10025,&quot;plugin://plugin.video.ukturk/?url=http://metalkettle.co/UKTurk2/EnglishList.txt&amp;mode=1&amp;name=English+TV&amp;iconimage=http://metalkettle.co/UKTurk2/thumbs/UK+TURK+english+tv.jpg&amp;description=&quot;,return)</setting>
        <setting type="string" name="skin.aeon.nox.5.LiveTVHomeItem.BGType">1</setting>
        <setting type="string" name="skin.aeon.nox.5.LiveTVHomeItem.Widget"></setting>
        <setting type="string" name="skin.aeon.nox.5.LiveTVHomeItem.WidgetLabel"></setting>
        <setting type="string" name="skin.aeon.nox.5.LiveTVHomeItem.WidgetType"></setting>
        <setting type="string" name="skin.aeon.nox.5.LiveTVHomeItem.InfoLine"></setting>
        <setting type="string" name="skin.aeon.nox.5.LiveTVHomeItem.SubMenu"></setting>
        <setting type="string" name="skin.aeon.nox.5.LiveTVHomeItem.Disable"></setting>
        <setting type="string" name="skin.aeon.nox.5.Custom1HomeItem.Label">Sports</setting>
        <setting type="string" name="skin.aeon.nox.5.Custom1HomeItem.MultiFanart">special://home/userdata\Background\Sport Wallpaper\</setting>
        <setting type="string" name="skin.aeon.nox.5.Custom1HomeItem.Icon"></setting>
        <setting type="string" name="skin.aeon.nox.5.Custom1HomeItem.Path">ActivateWindow(10025,&quot;plugin://plugin.video.phstreams/?name=Sports&amp;url=http://shanghai.watchkodi.com/Directories/Sports.xml&amp;audio=0&amp;image=http://s20.postimg.org/y47sfmnfh/Sports.png&amp;fanart=http://s20.postimg.org/w4r6o7t3x/Phoenix_Fanart.png&amp;playable=false&amp;tvshow=0&amp;content=0&amp;action=ndmode&quot;,return)</setting>
        <setting type="string" name="skin.aeon.nox.5.Custom1HomeItem.BGType">2</setting>
        <setting type="string" name="skin.aeon.nox.5.Custom1HomeItem.Widget"></setting>
        <setting type="string" name="skin.aeon.nox.5.Custom1HomeItem.WidgetLabel"></setting>
        <setting type="string" name="skin.aeon.nox.5.Custom1HomeItem.WidgetType"></setting>
        <setting type="string" name="skin.aeon.nox.5.Custom1HomeItem.InfoLine"></setting>
        <setting type="string" name="skin.aeon.nox.5.Custom1HomeItem.SubMenu"></setting>
        <setting type="string" name="skin.aeon.nox.5.Custom1HomeItem.Disable"></setting>
        <setting type="string" name="skin.aeon.nox.5.Custom2HomeItem.Label"></setting>
        <setting type="string" name="skin.aeon.nox.5.Custom2HomeItem.MultiFanart"></setting>
        <setting type="string" name="skin.aeon.nox.5.Custom2HomeItem.Icon"></setting>
        <setting type="string" name="skin.aeon.nox.5.Custom2HomeItem.Path"></setting>
        <setting type="string" name="skin.aeon.nox.5.Custom2HomeItem.BGType"></setting>
        <setting type="string" name="skin.aeon.nox.5.Custom2HomeItem.Widget"></setting>
        <setting type="string" name="skin.aeon.nox.5.Custom2HomeItem.WidgetLabel"></setting>
        <setting type="string" name="skin.aeon.nox.5.Custom2HomeItem.WidgetType"></setting>
        <setting type="string" name="skin.aeon.nox.5.Custom2HomeItem.InfoLine"></setting>
        <setting type="string" name="skin.aeon.nox.5.Custom2HomeItem.SubMenu"></setting>
        <setting type="string" name="skin.aeon.nox.5.Custom2HomeItem.Disable"></setting>
        <setting type="string" name="skin.aeon.nox.5.Custom3HomeItem.Label"></setting>
        <setting type="string" name="skin.aeon.nox.5.Custom3HomeItem.MultiFanart"></setting>
        <setting type="string" name="skin.aeon.nox.5.Custom3HomeItem.Icon"></setting>
        <setting type="string" name="skin.aeon.nox.5.Custom3HomeItem.Path"></setting>
        <setting type="string" name="skin.aeon.nox.5.Custom3HomeItem.BGType"></setting>
        <setting type="string" name="skin.aeon.nox.5.Custom3HomeItem.Widget"></setting>
        <setting type="string" name="skin.aeon.nox.5.Custom3HomeItem.WidgetLabel"></setting>
        <setting type="string" name="skin.aeon.nox.5.Custom3HomeItem.WidgetType"></setting>
        <setting type="string" name="skin.aeon.nox.5.Custom3HomeItem.InfoLine"></setting>
        <setting type="string" name="skin.aeon.nox.5.Custom3HomeItem.SubMenu"></setting>
        <setting type="string" name="skin.aeon.nox.5.Custom3HomeItem.Disable"></setting>
        <setting type="string" name="skin.aeon.nox.5.Custom4HomeItem.Label"></setting>
        <setting type="string" name="skin.aeon.nox.5.Custom4HomeItem.MultiFanart"></setting>
        <setting type="string" name="skin.aeon.nox.5.Custom4HomeItem.Icon"></setting>
        <setting type="string" name="skin.aeon.nox.5.Custom4HomeItem.Path"></setting>
        <setting type="string" name="skin.aeon.nox.5.Custom4HomeItem.BGType"></setting>
        <setting type="string" name="skin.aeon.nox.5.Custom4HomeItem.Widget"></setting>
        <setting type="string" name="skin.aeon.nox.5.Custom4HomeItem.WidgetLabel"></setting>
        <setting type="string" name="skin.aeon.nox.5.Custom4HomeItem.WidgetType"></setting>
        <setting type="string" name="skin.aeon.nox.5.Custom4HomeItem.InfoLine"></setting>
        <setting type="string" name="skin.aeon.nox.5.Custom4HomeItem.SubMenu"></setting>
        <setting type="string" name="skin.aeon.nox.5.Custom4HomeItem.Disable"></setting>
        <setting type="string" name="skin.aeon.nox.5.Custom5HomeItem.Label"></setting>
        <setting type="string" name="skin.aeon.nox.5.Custom5HomeItem.MultiFanart"></setting>
        <setting type="string" name="skin.aeon.nox.5.Custom5HomeItem.Icon"></setting>
        <setting type="string" name="skin.aeon.nox.5.Custom5HomeItem.Path"></setting>
        <setting type="string" name="skin.aeon.nox.5.Custom5HomeItem.BGType"></setting>
        <setting type="string" name="skin.aeon.nox.5.Custom5HomeItem.Widget"></setting>
        <setting type="string" name="skin.aeon.nox.5.Custom5HomeItem.WidgetLabel"></setting>
        <setting type="string" name="skin.aeon.nox.5.Custom5HomeItem.WidgetType"></setting>
        <setting type="string" name="skin.aeon.nox.5.Custom5HomeItem.InfoLine"></setting>
        <setting type="string" name="skin.aeon.nox.5.Custom5HomeItem.SubMenu"></setting>
        <setting type="string" name="skin.aeon.nox.5.Custom5HomeItem.Disable"></setting>
        <setting type="string" name="skin.aeon.nox.5.Custom6HomeItem.Label"></setting>
        <setting type="string" name="skin.aeon.nox.5.Custom6HomeItem.MultiFanart"></setting>
        <setting type="string" name="skin.aeon.nox.5.Custom6HomeItem.Icon"></setting>
        <setting type="string" name="skin.aeon.nox.5.Custom6HomeItem.Path"></setting>
        <setting type="string" name="skin.aeon.nox.5.Custom6HomeItem.BGType"></setting>
        <setting type="string" name="skin.aeon.nox.5.Custom6HomeItem.Widget"></setting>
        <setting type="string" name="skin.aeon.nox.5.Custom6HomeItem.WidgetLabel"></setting>
        <setting type="string" name="skin.aeon.nox.5.Custom6HomeItem.WidgetType"></setting>
        <setting type="string" name="skin.aeon.nox.5.Custom6HomeItem.InfoLine"></setting>
        <setting type="string" name="skin.aeon.nox.5.Custom6HomeItem.SubMenu"></setting>
        <setting type="string" name="skin.aeon.nox.5.Custom6HomeItem.Disable"></setting>
        <setting type="string" name="skin.aeon.nox.5.VideosHomeItem.Label">Adult</setting>
        <setting type="string" name="skin.aeon.nox.5.VideosHomeItem.MultiFanart">special://home/userdata\Background\Adult\</setting>
        <setting type="string" name="skin.aeon.nox.5.VideosHomeItem.Icon"></setting>
        <setting type="string" name="skin.aeon.nox.5.VideosHomeItem.Path">ActivateWindow(10025,&quot;plugin://plugin.video.erotik&quot;,return)</setting>
        <setting type="string" name="skin.aeon.nox.5.VideosHomeItem.BGType">2</setting>
        <setting type="string" name="skin.aeon.nox.5.VideosHomeItem.Widget"></setting>
        <setting type="string" name="skin.aeon.nox.5.VideosHomeItem.WidgetLabel"></setting>
        <setting type="string" name="skin.aeon.nox.5.VideosHomeItem.WidgetType"></setting>
        <setting type="string" name="skin.aeon.nox.5.VideosHomeItem.InfoLine"></setting>
        <setting type="string" name="skin.aeon.nox.5.VideosHomeItem.SubMenu"></setting>
        <setting type="string" name="skin.aeon.nox.5.VideosHomeItem.Disable"></setting>
        <setting type="string" name="skin.aeon.nox.5.ProgramsHomeItem.Label">Programs</setting>
        <setting type="string" name="skin.aeon.nox.5.ProgramsHomeItem.MultiFanart">special://home/userdata\Background\System\computer.jpg</setting>
        <setting type="string" name="skin.aeon.nox.5.ProgramsHomeItem.Icon"></setting>
        <setting type="string" name="skin.aeon.nox.5.ProgramsHomeItem.Path"></setting>
        <setting type="string" name="skin.aeon.nox.5.ProgramsHomeItem.BGType">1</setting>
        <setting type="string" name="skin.aeon.nox.5.ProgramsHomeItem.Widget"></setting>
        <setting type="string" name="skin.aeon.nox.5.ProgramsHomeItem.WidgetLabel"></setting>
        <setting type="string" name="skin.aeon.nox.5.ProgramsHomeItem.WidgetType"></setting>
        <setting type="string" name="skin.aeon.nox.5.ProgramsHomeItem.InfoLine"></setting>
        <setting type="string" name="skin.aeon.nox.5.ProgramsHomeItem.SubMenu"></setting>
        <setting type="string" name="skin.aeon.nox.5.ProgramsHomeItem.Disable"></setting>
        <setting type="string" name="skin.aeon.nox.5.SettingsHomeItem.Label">System</setting>
        <setting type="string" name="skin.aeon.nox.5.SettingsHomeItem.MultiFanart">special://home/userdata\Background\System\Planets2013.jpg</setting>
        <setting type="string" name="skin.aeon.nox.5.SettingsHomeItem.Icon"></setting>
        <setting type="string" name="skin.aeon.nox.5.SettingsHomeItem.Path"></setting>
        <setting type="string" name="skin.aeon.nox.5.SettingsHomeItem.BGType">1</setting>
        <setting type="string" name="skin.aeon.nox.5.SettingsHomeItem.Widget"></setting>
        <setting type="string" name="skin.aeon.nox.5.SettingsHomeItem.WidgetLabel"></setting>
        <setting type="string" name="skin.aeon.nox.5.SettingsHomeItem.WidgetType"></setting>
        <setting type="string" name="skin.aeon.nox.5.SettingsHomeItem.InfoLine"></setting>
        <setting type="string" name="skin.aeon.nox.5.SettingsHomeItem.SubMenu"></setting>
        <setting type="string" name="skin.aeon.nox.5.SettingsHomeItem.Disable"></setting>
        <setting type="string" name="skin.aeon.nox.5.ShutdownHomeItem.Label"></setting>
        <setting type="string" name="skin.aeon.nox.5.ShutdownHomeItem.MultiFanart">special://home/userdata\Background\Power\Power Button.jpg</setting>
        <setting type="string" name="skin.aeon.nox.5.ShutdownHomeItem.Icon"></setting>
        <setting type="string" name="skin.aeon.nox.5.ShutdownHomeItem.Path"></setting>
        <setting type="string" name="skin.aeon.nox.5.ShutdownHomeItem.BGType">1</setting>
        <setting type="string" name="skin.aeon.nox.5.ShutdownHomeItem.Widget"></setting>
        <setting type="string" name="skin.aeon.nox.5.ShutdownHomeItem.WidgetLabel"></setting>
        <setting type="string" name="skin.aeon.nox.5.ShutdownHomeItem.WidgetType"></setting>
        <setting type="string" name="skin.aeon.nox.5.ShutdownHomeItem.InfoLine"></setting>
        <setting type="string" name="skin.aeon.nox.5.ShutdownHomeItem.SubMenu"></setting>
        <setting type="string" name="skin.aeon.nox.5.ShutdownHomeItem.Disable"></setting>
        <setting type="string" name="skin.aeon.nox.5.FavoritesHomeItem.Label"></setting>
        <setting type="string" name="skin.aeon.nox.5.FavoritesHomeItem.MultiFanart"></setting>
        <setting type="string" name="skin.aeon.nox.5.FavoritesHomeItem.Icon"></setting>
        <setting type="string" name="skin.aeon.nox.5.FavoritesHomeItem.Path"></setting>
        <setting type="string" name="skin.aeon.nox.5.FavoritesHomeItem.BGType"></setting>
        <setting type="string" name="skin.aeon.nox.5.FavoritesHomeItem.Widget"></setting>
        <setting type="string" name="skin.aeon.nox.5.FavoritesHomeItem.WidgetLabel"></setting>
        <setting type="string" name="skin.aeon.nox.5.FavoritesHomeItem.WidgetType"></setting>
        <setting type="string" name="skin.aeon.nox.5.FavoritesHomeItem.InfoLine"></setting>
        <setting type="string" name="skin.aeon.nox.5.FavoritesHomeItem.SubMenu"></setting>
        <setting type="string" name="skin.aeon.nox.5.FavoritesHomeItem.Disable">True</setting>
        <setting type="string" name="skin.aeon.nox.5.WeatherHomeItem.Label"></setting>
        <setting type="string" name="skin.aeon.nox.5.WeatherHomeItem.MultiFanart"></setting>
        <setting type="string" name="skin.aeon.nox.5.WeatherHomeItem.Icon"></setting>
        <setting type="string" name="skin.aeon.nox.5.WeatherHomeItem.Path"></setting>
        <setting type="string" name="skin.aeon.nox.5.WeatherHomeItem.BGType"></setting>
        <setting type="string" name="skin.aeon.nox.5.WeatherHomeItem.Widget"></setting>
        <setting type="string" name="skin.aeon.nox.5.WeatherHomeItem.WidgetLabel"></setting>
        <setting type="string" name="skin.aeon.nox.5.WeatherHomeItem.WidgetType"></setting>
        <setting type="string" name="skin.aeon.nox.5.WeatherHomeItem.InfoLine"></setting>
        <setting type="string" name="skin.aeon.nox.5.WeatherHomeItem.SubMenu"></setting>
        <setting type="string" name="skin.aeon.nox.5.WeatherHomeItem.Disable">True</setting>
        <setting type="string" name="skin.aeon.nox.5.MusicVideoHomeItem.Label"></setting>
        <setting type="string" name="skin.aeon.nox.5.MusicVideoHomeItem.MultiFanart"></setting>
        <setting type="string" name="skin.aeon.nox.5.MusicVideoHomeItem.Icon"></setting>
        <setting type="string" name="skin.aeon.nox.5.MusicVideoHomeItem.Path"></setting>
        <setting type="string" name="skin.aeon.nox.5.MusicVideoHomeItem.BGType"></setting>
        <setting type="string" name="skin.aeon.nox.5.MusicVideoHomeItem.Widget"></setting>
        <setting type="string" name="skin.aeon.nox.5.MusicVideoHomeItem.WidgetLabel"></setting>
        <setting type="string" name="skin.aeon.nox.5.MusicVideoHomeItem.WidgetType"></setting>
        <setting type="string" name="skin.aeon.nox.5.MusicVideoHomeItem.InfoLine"></setting>
        <setting type="string" name="skin.aeon.nox.5.MusicVideoHomeItem.SubMenu"></setting>
        <setting type="string" name="skin.aeon.nox.5.MusicVideoHomeItem.Disable">True</setting>
        <setting type="string" name="skin.aeon.nox.5.Apps.Fallback">special://home/userdata\Background\System\computer.jpg</setting>
        <setting type="string" name="skin.aeon.nox.5.ItemToEdit.BGType"></setting>
        <setting type="string" name="skin.aeon.nox.5.ItemToEdit.MultiFanart"></setting>
        <setting type="string" name="skin.aeon.nox.5.Movies.Fallback">special://home/userdata\Background\Movies\</setting>
        <setting type="string" name="skin.aeon.nox.5.">2</setting>
        <setting type="string" name="skin.aeon.nox.5.TVShows.Fallback">special://home/userdata\Background\TV Wallpaper\</setting>
        <setting type="string" name="skin.aeon.nox.5.Music.Fallback">special://home/userdata\Background\Music Wallpaper\</setting>
        <setting type="string" name="skin.aeon.nox.5.LiveTV.Fallback">special://home/userdata\Background\Live TV\videos.jpg</setting>
        <setting type="string" name="skin.aeon.nox.5.Pictures.Fallback">special://home/userdata\Background\Kids Arena\</setting>
        <setting type="string" name="skin.aeon.nox.5.53.Movies.InfoPanel"></setting>
        <setting type="string" name="skin.aeon.nox.5.53.TVShows.InfoPanel"></setting>
        <setting type="string" name="skin.aeon.nox.5.53.Seasons.InfoPanel"></setting>
        <setting type="string" name="skin.aeon.nox.5.53.Sets.InfoPanel"></setting>
        <setting type="string" name="skin.aeon.nox.5.52.Movies.InfoPanel"></setting>
        <setting type="string" name="skin.aeon.nox.5.52.TVShows.InfoPanel"></setting>
        <setting type="string" name="skin.aeon.nox.5.52.Seasons.InfoPanel"></setting>
        <setting type="string" name="skin.aeon.nox.5.52.Episodes.InfoPanel"></setting>
        <setting type="string" name="skin.aeon.nox.5.52.Sets.InfoPanel"></setting>
        <setting type="string" name="skin.aeon.nox.5.Videos.Fallback">special://home/userdata\Background\Movies\</setting>
        <setting type="string" name="skin.aeon.nox.5.Home_Custom_Back_TV_Folder"></setting>
        <setting type="string" name="skin.aeon.nox.5.Weather.Fallback">special://home/userdata\Background\Sport Wallpaper\</setting>
        <setting type="string" name="skin.aeon.nox.5.ItemToEdit.InfoLine">2</setting>
        <setting type="string" name="skin.aeon.nox.5.ItemToEdit.Widget"></setting>
        <setting type="string" name="skin.aeon.nox.5.ItemToEdit.WidgetLabel"></setting>
        <setting type="string" name="skin.aeon.nox.5.ItemToEdit.WidgetType"></setting>
    </skinsettings>
    <viewstates>
        <musicfiles>
            <viewmode>720896</viewmode>
            <sortmethod>1</sortmethod>
            <sortorder>1</sortorder>
            <sortattributes>0</sortattributes>
        </musicfiles>
        <musiclastfm>
            <viewmode>65536</viewmode>
            <sortmethod>1</sortmethod>
            <sortorder>1</sortorder>
            <sortattributes>0</sortattributes>
        </musiclastfm>
        <musicnavalbums>
            <viewmode>65536</viewmode>
            <sortmethod>1</sortmethod>
            <sortorder>1</sortorder>
            <sortattributes>0</sortattributes>
        </musicnavalbums>
        <musicnavartists>
            <viewmode>65536</viewmode>
            <sortmethod>1</sortmethod>
            <sortorder>1</sortorder>
            <sortattributes>0</sortattributes>
        </musicnavartists>
        <musicnavsongs>
            <viewmode>65536</viewmode>
            <sortmethod>1</sortmethod>
            <sortorder>1</sortorder>
            <sortattributes>0</sortattributes>
        </musicnavsongs>
        <pictures>
            <viewmode>720896</viewmode>
            <sortmethod>1</sortmethod>
            <sortorder>1</sortorder>
            <sortattributes>0</sortattributes>
        </pictures>
        <programs>
            <viewmode>720896</viewmode>
            <sortmethod>1</sortmethod>
            <sortorder>1</sortorder>
            <sortattributes>0</sortattributes>
        </programs>
        <videofiles>
            <viewmode>720896</viewmode>
            <sortmethod>1</sortmethod>
            <sortorder>1</sortorder>
            <sortattributes>0</sortattributes>
        </videofiles>
        <videonavactors>
            <viewmode>65536</viewmode>
            <sortmethod>1</sortmethod>
            <sortorder>1</sortorder>
            <sortattributes>0</sortattributes>
        </videonavactors>
        <videonavepisodes>
            <viewmode>720896</viewmode>
            <sortmethod>21</sortmethod>
            <sortorder>1</sortorder>
            <sortattributes>0</sortattributes>
        </videonavepisodes>
        <videonavgenres>
            <viewmode>65536</viewmode>
            <sortmethod>1</sortmethod>
            <sortorder>1</sortorder>
            <sortattributes>0</sortattributes>
        </videonavgenres>
        <videonavmusicvideos>
            <viewmode>65536</viewmode>
            <sortmethod>1</sortmethod>
            <sortorder>1</sortorder>
            <sortattributes>0</sortattributes>
        </videonavmusicvideos>
        <videonavseasons>
            <viewmode>65536</viewmode>
            <sortmethod>1</sortmethod>
            <sortorder>1</sortorder>
            <sortattributes>0</sortattributes>
        </videonavseasons>
        <videonavtitles>
            <viewmode>65536</viewmode>
            <sortmethod>1</sortmethod>
            <sortorder>1</sortorder>
            <sortattributes>0</sortattributes>
        </videonavtitles>
        <videonavtvshows>
            <viewmode>65536</viewmode>
            <sortmethod>1</sortmethod>
            <sortorder>1</sortorder>
            <sortattributes>0</sortattributes>
        </videonavtvshows>
        <videonavyears>
            <viewmode>65536</viewmode>
            <sortmethod>1</sortmethod>
            <sortorder>1</sortorder>
            <sortattributes>0</sortattributes>
        </videonavyears>
    </viewstates>
</settings>
