<sources>
    <programs>
        <default pathversion="1"></default>
    </programs>
    <video>
        <default pathversion="1"></default>
    </video>
    <music>
        <default pathversion="1"></default>
    </music>
    <pictures>
        <default pathversion="1"></default>
    </pictures>
    <files>
        <default pathversion="1"></default>
        <source>
            <name>fusion</name>
            <path pathversion="1">http://fusion.tvaddons.ag/</path>
            <allowsharing>true</allowsharing>
        </source>
        <source>
            <name>cypher</name>
            <path pathversion="1">http://repo.run/cypher/</path>
            <allowsharing>true</allowsharing>
        </source>
        <source>
            <name>NJMSoccer</name>
            <path pathversion="1">http://njmweb.we.bs/NJMSoccer/</path>
            <allowsharing>true</allowsharing>
        </source>
        <source>
            <name>noobs</name>
            <path pathversion="1">http://noobsandnerds.com/portal/</path>
            <allowsharing>true</allowsharing>
        </source>
        <source>
            <name>xfinity</name>
            <path pathversion="1">http://www.xunitytalk.com/xfinity/</path>
            <allowsharing>true</allowsharing>
        </source>
        <source>
            <name>robocop</name>
            <path pathversion="1">http://repo.shit.football/</path>
            <allowsharing>true</allowsharing>
        </source>
        <source>
            <name>tecbox</name>
            <path pathversion="1">http://tecbox.tv/repo/install/</path>
            <allowsharing>true</allowsharing>
        </source>
        <source>
            <name>RenegadesTV</name>
            <path pathversion="1">http://repo.sharktech.co.uk/RenegadesTV/</path>
            <allowsharing>true</allowsharing>
        </source>
        <source>
            <name>Legends</name>
            <path pathversion="1">http://4legends.co.uk/Legends/</path>
            <allowsharing>true</allowsharing>
        </source>
        <source>
            <name>zeus</name>
            <path pathversion="1">http://zeusrepo.com/zeus</path>
            <allowsharing>true</allowsharing>
        </source>
    </files>
</sources>
